{"cameraMode":{"drawMode":0,"name":"Shaded","section":"Shading Mode"},"sceneLighting":true,"audioPlay":false,"sceneViewState":{"showFog":true,"showMaterialUpdate":false,"showSkybox":true,"showFlares":true,"showImageEffects":true,"showParticleSystems":true},"in2DMode":false,"pivot":{"x":0.165506511926651,"y":-5.620277404785156,"z":65.17495727539063},"rotation":{"x":-0.12417997419834137,"y":-0.002077618148177862,"z":0.00025790740619413555,"w":-0.9922670125961304},"size":49.42176818847656,"orthographic":false}