{"cameraMode":{"drawMode":0,"name":"Shaded","section":"Shading Mode"},"sceneLighting":true,"audioPlay":false,"sceneViewState":{"showFog":true,"showMaterialUpdate":false,"showSkybox":true,"showFlares":true,"showImageEffects":true,"showParticleSystems":true},"in2DMode":false,"pivot":{"x":-1.2893741130828858,"y":2.133733034133911,"z":4.263303279876709},"rotation":{"x":0.005994322709739208,"y":-0.036271173506975177,"z":-0.0003502738254610449,"w":-0.9994362592697144},"size":8.409764289855957,"orthographic":false}