{"cameraMode":{"drawMode":0,"name":"Shaded","section":"Shading Mode"},"sceneLighting":true,"audioPlay":false,"sceneViewState":{"showFog":true,"showMaterialUpdate":false,"showSkybox":true,"showFlares":true,"showImageEffects":true,"showParticleSystems":true},"in2DMode":false,"pivot":{"x":1.2197126150131226,"y":-0.04341959208250046,"z":8.595638275146485},"rotation":{"x":0.09972498565912247,"y":0.46095511317253115,"z":-0.052222345024347308,"w":0.8802608847618103},"size":34.76003646850586,"orthographic":false}