{"cameraMode":{"drawMode":0,"name":"Shaded","section":"Shading Mode"},"sceneLighting":true,"audioPlay":false,"sceneViewState":{"showFog":true,"showMaterialUpdate":false,"showSkybox":true,"showFlares":true,"showImageEffects":true,"showParticleSystems":true},"in2DMode":false,"pivot":{"x":2.335395097732544,"y":-1.2925748825073243,"z":27.3490047454834},"rotation":{"x":-0.05471380054950714,"y":-0.053802549839019778,"z":0.0029446128755807878,"w":-0.997089684009552},"size":29.75732421875,"orthographic":false}