{"cameraMode":{"drawMode":0,"name":"Shaded","section":"Shading Mode"},"sceneLighting":true,"audioPlay":false,"sceneViewState":{"showFog":true,"showMaterialUpdate":false,"showSkybox":true,"showFlares":true,"showImageEffects":true,"showParticleSystems":true},"in2DMode":false,"pivot":{"x":-1.600611925125122,"y":0.7941679954528809,"z":6.965499401092529},"rotation":{"x":0.12417766451835633,"y":-0.007753176148980856,"z":0.0009744521230459213,"w":0.9922497868537903},"size":13.262628555297852,"orthographic":false}